support_ticket_id,support_ticket_desc,generated_summary,summary_eval_score,summary_eval_reasoning,generated_response,response_eval_score,response_eval_reasoning
1,"I cannot believe the level of service I have received. I have been a loyal ShopNest customer since 2020 and have spent thousands of dollars on this platform. I have recommended ShopNest to everyone I know - my coworkers, my neighbors, my entire book club. I have never once filed a complaint or asked for anything special. I always leave five star reviews and I tip delivery drivers generously. And THIS is how you treat your most loyal customers? I am beyond frustrated. I spent over three hours today trying to reach your support team and not a single person gave me a straight answer. Your chatbot is completely useless, your email support is nonexistent, and your phone line had a 40 minute hold time. I have screenshots of every single interaction. I will be filing a complaint with the Better Business Bureau if this is not resolved by end of day. Anyway. Order SNX-4421 for a Bosch dishwasher. Delivered wrong model. Want replacement.","Here's a summary of the customer support ticket:

*   **Core Problem:** Received incorrect product model for a dishwasher.
*   **Order ID:** SNX-4421
*   **Product:** Bosch dishwasher
*   **Customer Sentiment:** Extremely frustrated, disappointed, threatening BBB complaint.
*   **Additional Context:** Long-time loyal customer, multiple failed attempts to contact support (chatbot, email, phone hold times), has screenshots.
*   **Desired Resolution:** Replacement of the correct dishwasher model.",5.0,"The generated summary accurately captures all the critical information from the original support ticket, including the core issue, order ID, product details, customer sentiment, and desired resolution. It also correctly notes the customer's frustration with the support process and their intent to escalate to the BBB. The summary is complete and accurate.",Subject: Urgent: Resolution for your Bosch Dishwasher Order (SNX,1.0,"The proposed response is critically incomplete, cutting off mid-subject line. It fails to address the customer's significant frustration, their long-standing loyalty, or the specific request for a dishwasher replacement. Because it contains no actual body text or resolution steps, it is entirely ineffective."
2,"Ord SNX-8902 ACH debit failed at checkout, tried 2x. CC also declined. PayPal unavail for this item. Need NDD before the 15th. Card limit confirmed ok but txn still failing. Pls check PG logs and escalate. Alt PMT: can store credit from prev RMA be applied to this order? ASAP.","*   **Core Problem:** Payment failure at checkout (ACH debit and credit card declined).
*   **Technical Attributes:** Order ID: SNX-8902.
*   **Customer Sentiment:** Urgent, frustrated (""ASAP"").
*   **Additional Context:**
    *   ACH debit attempted twice.
    *   Credit card limit confirmed okay.
    *   PayPal unavailable for the item.
    *   Customer requires Next Day Delivery (NDD) before the 15th.
    *   Inquiry about applying store credit from a previous RMA.
*   **Action Requested:** Check payment gateway (PG) logs and escalate.",5.0,"The summary accurately captures all critical information from the original ticket, including the order number, the specific payment failures (ACH and CC), the attempted number of times, the unavailability of PayPal, the delivery requirement, the card limit confirmation, the request to check PG logs and escalate, and the inquiry about store credit. The sentiment is also correctly identified. The score is 5.",Subject: Urgent Assistance: Payment Issues & Store Credit for,1.0,"The proposed response is incomplete, consisting only of a subject line. It fails to address any of the customer's specific concerns, including the payment gateway failures, the request for escalation, the urgent delivery deadline, or the application of store credit from a previous RMA. As it stands, it provides no resolution or actionable information."
3,not working. please help.,"*   **Core Problem:** Unspecified technical issue.
*   **Technical Attributes:** None provided.
*   **Customer Sentiment:** Frustrated, urgent.",3.0,"The summary accurately identifies that the core problem is unspecified and that no technical attributes were provided. It also correctly infers customer sentiment. However, it fails to capture any specific details from the original ticket, which is extremely minimal. The score reflects the lack of detail extraction due to the input's lack of detail.",Subject: We’re here to help: Let’s get this,1.0,"The proposed response is incomplete, consisting only of a partial subject line that ends mid-sentence. It contains no message body, fails to ask for clarification on the vague issue reported, and provides no actionable steps for the customer. This is a critical failure in communication."
4,"Okay so I have genuinely had it with this company. Every single time I place an order something goes wrong. Last month it was a delayed delivery. The month before that it was a damaged product. Before that it was a wrong item sent. I have contacted support so many times I have lost count. Every single time I am told the issue will be resolved within 24 to 48 hours and it never is. I sit and wait and absolutely nothing happens. Then I have to follow up again and I get another sorry for the inconvenience. Sorry does not fix anything. I work full time and I do not have the bandwidth to keep chasing a company for basic service delivery. My colleagues have been telling me to switch platforms and honestly I am starting to think they are right. Order #SNX-9021, KitchenAid stand mixer, payment charged twice for the same order. Need one charge reversed immediately.","Here's the condensed summary of the customer support ticket:

*   **Core Problem:** Duplicate payment charge for a single order.
*   **Order ID:** SNX-9021
*   **Item:** KitchenAid stand mixer
*   **Customer Sentiment:** Extremely frustrated, high dissatisfaction, considering switching platforms due to repeated past issues (delayed delivery, damaged product, wrong item) and unresolved previous complaints.
*   **Urgency:** Immediate reversal of one charge requested.",5.0,"The generated summary accurately captures the core problem, order ID, item, customer sentiment, and urgency. It correctly identifies the immediate need for a charge reversal and highlights the customer's extreme frustration stemming from a pattern of past unresolved issues. All critical pieces of information from the original ticket are present and correctly interpreted.",Subject: Urgent: Resolution for Order #SNX-9,1.0,"The proposed response is incomplete and consists only of a partial subject line. It fails to address the customer's history of service failures, the specific double-charge issue for order #SNX-9021, or provide any actionable resolution. As it lacks a body, it provides no empathy, policy alignment, or clear next steps."
5,refund not received,"*   **Core Problem:** Refund not received.
*   **Customer Sentiment:** Negative.",3.0,"The summary accurately captures the core problem stated in the original ticket. However, it does not extract any specific details like order numbers, dates, or amounts, which would be crucial for a complete evaluation. The sentiment analysis is a reasonable inference but not explicitly stated in the original ticket.",Subject: Update regarding your refund request (Ticket #[Ticket Number]),1.0,"The proposed response is completely inadequate as it only contains a subject line with an unpopulated placeholder. It fails to address the customer's concern, provides no status update on the refund, and offers no next steps or empathetic acknowledgement of the issue."
6,"Hi. I placed an order for a laptop. It is a Dell. I ordered it last Monday I think or maybe Tuesday. The order number is in my email somewhere - I believe it is SNX-3310 or maybe SNX-3130, I am not completely sure. Delivery came two days later which I thought was great. But when I opened the box the laptop would not turn on at all. I tried charging it for over an hour. Nothing. I tried a different charger I had at home. Still nothing. My roommate who works in IT also took a look and said it sounds like a hardware defect straight out of the box. The outer box also had a small dent on one corner but I am not sure if that is relevant. I want to return it and get a replacement. Or maybe a refund. I am honestly not sure which option makes more sense for me. Can someone advise? Also is there a home pickup option because I do not have easy access to a drop off location.","Here's a summary of the customer's support ticket:

*   **Core Problem:** Laptop arrived non-functional (won't turn on, suspected hardware defect).
*   **Technical Attributes:**
    *   Product: Dell Laptop
    *   Order Number (Uncertain): SNX-3310 or SNX-3130
    *   Delivery Date: Approximately 2 days after order (last Monday/Tuesday)
*   **Customer Sentiment:** Frustrated, disappointed, seeking resolution (replacement or refund), unsure of best option.
*   **Additional Request:** Inquiring about home pickup for return due to accessibility issues.",5.0,"The summary accurately captures the core issue (non-functional laptop), key details like product type and uncertain order number, and the customer's desired resolution and additional requests. The uncertainty in the order number is correctly noted. The delivery timeframe is also approximated correctly. The sentiment is well-represented.",Subject: Support for your Dell Laptop Order (Order #SN,1.0,"The proposed response is incomplete and cuts off mid-sentence in the subject line. It fails to address the customer's technical issue, the request for advice on refund versus replacement, or the specific inquiry regarding home pickup options. As it provides no actionable information or empathetic engagement, it does not meet any quality standards."
7,ORDER SNX-6612 DELIVERED WRONG ITEM. I ORDERED NIKE RUNNING SHOES SIZE 11 AND THEY SENT SOME RANDOM SANDAL I HAVE NEVER EVEN HEARD OF. THIS IS THE THIRD WRONG ITEM THIS MONTH. I WANT MY SHOES OR A FULL REFUND. ALSO WHY IS THERE NO DIRECT PHONE NUMBER - YOUR CHATBOT IS COMPLETELY USELESS AND I AM DONE WITH IT.,"*   **Core Problem:** Incorrect item delivered.
*   **Order ID:** SNX-6612
*   **Details:** Ordered Nike running shoes (Size 11), received unknown brand sandals.
*   **Customer Sentiment:** Highly frustrated, angry.
*   **Additional Issues:** Previous incorrect orders (3 this month), poor customer service (useless chatbot, no phone number).
*   **Desired Resolution:** Correct shoes or full refund.",5.0,"The summary accurately captures all key details from the original ticket, including the order ID, the specific incorrect item received versus the item ordered, the customer's frustration, the history of similar issues, the complaint about customer service channels, and the desired resolution. The sentiment analysis is also appropriate.","Pipeline Error during customer generation phase: 429 POST https://generativelanguage.googleapis.com/v1beta/models/gemini-3-flash-preview:generateContent?%24alt=json%3Benum-encoding%3Dint: You exceeded your current quota, please check your plan and billing details. For more information on this error, head to: https://ai.google.dev/gemini-api/docs/rate-limits. To monitor your current usage, head to: https://ai.dev/rate-limit. 
* Quota exceeded for metric: generativelanguage.googleapis.com/generate_content_free_tier_requests, limit: 5, model: gemini-3-flash
Please retry in 35.588531423s.",1.0,"The proposed response is a technical system error message (429 Quota Exceeded) rather than an actual communication to the customer. It fails to address the incorrect item received, the customer's history of repeated errors, or the request for a refund/replacement. It provides zero empathy and no actionable steps for the user, representing a total failure in the support process."
8,"Hello, good morning. I hope this message finds you well. I am reaching out today regarding a small matter pertaining to a recent order of mine. I do not wish to be a burden and I fully understand how busy your team must be. I simply wanted to follow up when you have a free moment as I have been waiting for a little while now. I appreciate everything your team does and I am grateful for your time. Warm regards.","*   **Core Problem:** Follow-up on a recent order.
*   **Technical Attributes:** None provided.
*   **Customer Sentiment:** Polite, patient, appreciative.",5.0,"The summary accurately captures the core problem (follow-up on a recent order) and the customer's sentiment (polite, patient, appreciative). It correctly notes that no technical attributes were provided in the original ticket. The summary is complete and accurate.","Pipeline Error during customer generation phase: 429 POST https://generativelanguage.googleapis.com/v1beta/models/gemini-3-flash-preview:generateContent?%24alt=json%3Benum-encoding%3Dint: You exceeded your current quota, please check your plan and billing details. For more information on this error, head to: https://ai.google.dev/gemini-api/docs/rate-limits. To monitor your current usage, head to: https://ai.dev/rate-limit. 
* Quota exceeded for metric: generativelanguage.googleapis.com/generate_content_free_tier_requests, limit: 5, model: gemini-3-flash
Please retry in 35.326137943s.",1.0,"The proposed response is a raw technical error message (429 Quota Exceeded) rather than a customer-facing reply. It completely fails to address the customer's inquiry, lacks any professional tone or empathy, and provides no actionable information regarding the order status. This is a critical failure in the response generation process."
9,"hey so my package still hasnt shown up, its been like a week maybe more? the app says delivered but nothing came. checked with my neighbor and they didnt see anything either. pretty annoyed honestly. can someone look into this and either resend or refund me thanks","*   **Core Problem:** Package marked as delivered but not received.
*   **Technical Attributes:** None provided.
*   **Customer Sentiment:** Annoyed.",5.0,"The summary accurately captures the core problem (package not received despite being marked delivered), the customer's sentiment (annoyed), and correctly identifies that no technical attributes were provided in the original ticket. It is a complete and accurate representation of the provided ticket.","Pipeline Error during customer generation phase: 429 POST https://generativelanguage.googleapis.com/v1beta/models/gemini-3-flash-preview:generateContent?%24alt=json%3Benum-encoding%3Dint: You exceeded your current quota, please check your plan and billing details. For more information on this error, head to: https://ai.google.dev/gemini-api/docs/rate-limits. To monitor your current usage, head to: https://ai.dev/rate-limit. 
* Quota exceeded for metric: generativelanguage.googleapis.com/generate_content_free_tier_requests, limit: 5, model: gemini-3-flash
Please retry in 35.062049136s.",1.0,"The proposed response is a raw technical system error message (429 Quota Exceeded) rather than a customer-facing reply. It fails to address the missing package, provides no empathy, and offers no resolution or next steps for the customer. This is a complete failure in communication."
10,"I want to be very clear about how disappointed I am with this entire experience. Two full weeks. Two weeks and I have received nothing but conflicting information and broken promises. I have called four separate times. Each agent told me something completely different. First it was a warehouse backlog. Then it was a carrier issue. Then I was told my address was incomplete - which is absolutely false because I have received over a dozen previous orders at this exact address without any issue whatsoever. I even emailed a screenshot of my confirmed address and was still told it was incorrect. The level of disorganization here is genuinely shocking. I have already contacted my state's consumer protection office and I am keeping a full record of every interaction. Order SNX-2201, Bose noise cancelling headphones, still not delivered after 14 days. Tracking has been frozen since day three.","Here's a summary of the customer support ticket:

*   **Core Problem:** Significant delivery delay and lack of accurate information.
*   **Technical Attributes:**
    *   Order ID: SNX-2201
    *   Item: Bose noise cancelling headphones
    *   Delivery Time: 14 days (2 weeks)
    *   Tracking Status: Frozen since day 3
*   **Customer Sentiment:** Extremely disappointed, frustrated, shocked by disorganization, has contacted consumer protection office, keeping a record of interactions.",5.0,"The summary accurately captures the core problem, technical details like order ID, item, delivery time, and tracking status. It also correctly identifies the customer's strong negative sentiment and their actions taken (contacting consumer protection). All key information from the original ticket is present and correctly represented.","Pipeline Error during customer generation phase: 429 POST https://generativelanguage.googleapis.com/v1beta/models/gemini-3-flash-preview:generateContent?%24alt=json%3Benum-encoding%3Dint: You exceeded your current quota, please check your plan and billing details. For more information on this error, head to: https://ai.google.dev/gemini-api/docs/rate-limits. To monitor your current usage, head to: https://ai.dev/rate-limit. 
* Quota exceeded for metric: generativelanguage.googleapis.com/generate_content_free_tier_requests, limit: 5, model: gemini-3-flash
Please retry in 34.79627408s.",1.0,"The proposed response is a technical system error message (API quota exceeded) rather than an actual communication to the customer. It fails to address the customer's significant frustration, the 14-day delay, the conflicting information provided by previous agents, or the specific order details. It provides zero empathy, violates all professional standards, and offers no resolution pathway for the customer's issue."
11,"Payment gateway returning a 502 error at checkout. Tried incognito mode, cleared cache, tested on two different browsers, issue persists. My Visa debit card is showing a pre-authorization hold of $89.99 but the order was never confirmed and no order ID was generated. Transaction reference from my bank statement is TXN8821047. Is this a gateway timeout on your end or a merchant-side failure? I need either an order confirmation or the pre-auth hold released within 24 hours otherwise I will dispute the charge with my bank.","*   **Core Problem:** Payment gateway returning 502 error at checkout, preventing order confirmation.
*   **Technical Attributes:**
    *   Error Code: 502
    *   Transaction Reference: TXN8821047
    *   Pre-authorization Hold: $89.99
*   **Customer Sentiment:** Frustrated, urgent, threatening dispute.",,"Judge validation failure: 429 POST https://generativelanguage.googleapis.com/v1beta/models/gemini-2.5-flash-lite:generateContent?%24alt=json%3Benum-encoding%3Dint: You exceeded your current quota, please check your plan and billing details. For more information on this error, head to: https://ai.google.dev/gemini-api/docs/rate-limits. To monitor your current usage, head to: https://ai.dev/rate-limit. 
* Quota exceeded for metric: generativelanguage.googleapis.com/generate_content_free_tier_requests, limit: 20, model: gemini-2.5-flash-lite
Please retry in 49.196497589s.","Pipeline Error during customer generation phase: 429 POST https://generativelanguage.googleapis.com/v1beta/models/gemini-3-flash-preview:generateContent?%24alt=json%3Benum-encoding%3Dint: You exceeded your current quota, please check your plan and billing details. For more information on this error, head to: https://ai.google.dev/gemini-api/docs/rate-limits. To monitor your current usage, head to: https://ai.dev/rate-limit. 
* Quota exceeded for metric: generativelanguage.googleapis.com/generate_content_free_tier_requests, limit: 5, model: gemini-3-flash
Please retry in 34.554276134s.",1.0,"The proposed response is a raw system error message regarding API rate limits and does not address the customer's payment issue, the pre-authorization hold, or provide any assistance. It is entirely irrelevant to the support ticket and fails on all evaluation criteria."
12,So I was just browsing the app and added a few things to my cart and then I figured why not just go ahead and order and so I did and I got a confirmation email right away which was great and I was pretty excited and then the next day I checked the app and it said processing and then the day after that it still said processing and now it has been almost five days and it is still just sitting there saying processing and my friend said maybe the item went out of stock but then why did you even let me complete the order and charge my card and also that money is just tied up now and what if I need it for something else and I have ordered from here before with no issues so I really do not know what is different this time,"Pipeline Error during execution: 429 POST https://generativelanguage.googleapis.com/v1beta/models/gemini-2.5-flash-lite:generateContent?%24alt=json%3Benum-encoding%3Dint: You exceeded your current quota, please check your plan and billing details. For more information on this error, head to: https://ai.google.dev/gemini-api/docs/rate-limits. To monitor your current usage, head to: https://ai.dev/rate-limit. 
* Quota exceeded for metric: generativelanguage.googleapis.com/generate_content_free_tier_requests, limit: 10, model: gemini-2.5-flash-lite
Please retry in 22.242037946s.",,"Judge validation failure: 429 POST https://generativelanguage.googleapis.com/v1beta/models/gemini-2.5-flash-lite:generateContent?%24alt=json%3Benum-encoding%3Dint: You exceeded your current quota, please check your plan and billing details. For more information on this error, head to: https://ai.google.dev/gemini-api/docs/rate-limits. To monitor your current usage, head to: https://ai.dev/rate-limit. 
* Quota exceeded for metric: generativelanguage.googleapis.com/generate_content_free_tier_requests, limit: 10, model: gemini-2.5-flash-lite
Please retry in 48.942028179s.","Pipeline Error during customer generation phase: 429 POST https://generativelanguage.googleapis.com/v1beta/models/gemini-3-flash-preview:generateContent?%24alt=json%3Benum-encoding%3Dint: You exceeded your current quota, please check your plan and billing details. For more information on this error, head to: https://ai.google.dev/gemini-api/docs/rate-limits. To monitor your current usage, head to: https://ai.dev/rate-limit. 
* Quota exceeded for metric: generativelanguage.googleapis.com/generate_content_free_tier_requests, limit: 5, model: gemini-3-flash
Please retry in 34.311135387s.",,"Response Judge execution exception: 429 POST https://generativelanguage.googleapis.com/v1beta/models/gemini-3-flash-preview:generateContent?%24alt=json%3Benum-encoding%3Dint: You exceeded your current quota, please check your plan and billing details. For more information on this error, head to: https://ai.google.dev/gemini-api/docs/rate-limits. To monitor your current usage, head to: https://ai.dev/rate-limit. 
* Quota exceeded for metric: generativelanguage.googleapis.com/generate_content_free_tier_requests, limit: 5, model: gemini-3-flash
Please retry in 35.636518306s."
13,Order SNX-8833 not delivered. Seven days past estimated delivery date. No update in the app. Requesting a full refund.,"Pipeline Error during execution: 429 POST https://generativelanguage.googleapis.com/v1beta/models/gemini-2.5-flash-lite:generateContent?%24alt=json%3Benum-encoding%3Dint: You exceeded your current quota, please check your plan and billing details. For more information on this error, head to: https://ai.google.dev/gemini-api/docs/rate-limits. To monitor your current usage, head to: https://ai.dev/rate-limit. 
* Quota exceeded for metric: generativelanguage.googleapis.com/generate_content_free_tier_requests, limit: 10, model: gemini-2.5-flash-lite
Please retry in 21.978330016s.",,"Judge validation failure: 429 POST https://generativelanguage.googleapis.com/v1beta/models/gemini-2.5-flash-lite:generateContent?%24alt=json%3Benum-encoding%3Dint: You exceeded your current quota, please check your plan and billing details. For more information on this error, head to: https://ai.google.dev/gemini-api/docs/rate-limits. To monitor your current usage, head to: https://ai.dev/rate-limit. 
* Quota exceeded for metric: generativelanguage.googleapis.com/generate_content_free_tier_requests, limit: 10, model: gemini-2.5-flash-lite
Please retry in 48.689598779s.","Pipeline Error during customer generation phase: 429 POST https://generativelanguage.googleapis.com/v1beta/models/gemini-3-flash-preview:generateContent?%24alt=json%3Benum-encoding%3Dint: You exceeded your current quota, please check your plan and billing details. For more information on this error, head to: https://ai.google.dev/gemini-api/docs/rate-limits. To monitor your current usage, head to: https://ai.dev/rate-limit. 
* Quota exceeded for metric: generativelanguage.googleapis.com/generate_content_free_tier_requests, limit: 5, model: gemini-3-flash
Please retry in 34.072627032s.",,"Response Judge execution exception: 429 POST https://generativelanguage.googleapis.com/v1beta/models/gemini-3-flash-preview:generateContent?%24alt=json%3Benum-encoding%3Dint: You exceeded your current quota, please check your plan and billing details. For more information on this error, head to: https://ai.google.dev/gemini-api/docs/rate-limits. To monitor your current usage, head to: https://ai.dev/rate-limit. 
* Quota exceeded for metric: generativelanguage.googleapis.com/generate_content_free_tier_requests, limit: 5, model: gemini-3-flash
Please retry in 35.349690699s."
14,i orderd a lenovo latop order no SNX-441 it arived yestrday but the charjer is mising from the box. i ned the charjer sent asap or i will rtrn the hole thing. pls do smthing quick its for wrk,"Pipeline Error during execution: 429 POST https://generativelanguage.googleapis.com/v1beta/models/gemini-2.5-flash-lite:generateContent?%24alt=json%3Benum-encoding%3Dint: You exceeded your current quota, please check your plan and billing details. For more information on this error, head to: https://ai.google.dev/gemini-api/docs/rate-limits. To monitor your current usage, head to: https://ai.dev/rate-limit. 
* Quota exceeded for metric: generativelanguage.googleapis.com/generate_content_free_tier_requests, limit: 10, model: gemini-2.5-flash-lite
Please retry in 21.720044541s.",,"Judge validation failure: 429 POST https://generativelanguage.googleapis.com/v1beta/models/gemini-2.5-flash-lite:generateContent?%24alt=json%3Benum-encoding%3Dint: You exceeded your current quota, please check your plan and billing details. For more information on this error, head to: https://ai.google.dev/gemini-api/docs/rate-limits. To monitor your current usage, head to: https://ai.dev/rate-limit. 
* Quota exceeded for metric: generativelanguage.googleapis.com/generate_content_free_tier_requests, limit: 10, model: gemini-2.5-flash-lite
Please retry in 48.421574098s.","Pipeline Error during customer generation phase: 429 POST https://generativelanguage.googleapis.com/v1beta/models/gemini-3-flash-preview:generateContent?%24alt=json%3Benum-encoding%3Dint: You exceeded your current quota, please check your plan and billing details. For more information on this error, head to: https://ai.google.dev/gemini-api/docs/rate-limits. To monitor your current usage, head to: https://ai.dev/rate-limit. 
* Quota exceeded for metric: generativelanguage.googleapis.com/generate_content_free_tier_requests, limit: 5, model: gemini-3-flash
Please retry in 33.827575533s.",,"Response Judge execution exception: 429 POST https://generativelanguage.googleapis.com/v1beta/models/gemini-3-flash-preview:generateContent?%24alt=json%3Benum-encoding%3Dint: You exceeded your current quota, please check your plan and billing details. For more information on this error, head to: https://ai.google.dev/gemini-api/docs/rate-limits. To monitor your current usage, head to: https://ai.dev/rate-limit. 
* Quota exceeded for metric: generativelanguage.googleapis.com/generate_content_free_tier_requests, limit: 5, model: gemini-3-flash
Please retry in 35.079530354s."
15,😡😡 WORST EXPERIENCE EVER ordered 10 days ago still NOTHING!! tracking has said out for delivery for THREE days straight 🤦 called support twice zero help agent was rude asked for a supervisor and was told not available 😤 order SNX-7721 OnePlus phone NEED IT NOW or CANCEL and FULL REFUND 💸💸,"Pipeline Error during execution: 429 POST https://generativelanguage.googleapis.com/v1beta/models/gemini-2.5-flash-lite:generateContent?%24alt=json%3Benum-encoding%3Dint: You exceeded your current quota, please check your plan and billing details. For more information on this error, head to: https://ai.google.dev/gemini-api/docs/rate-limits. To monitor your current usage, head to: https://ai.dev/rate-limit. 
* Quota exceeded for metric: generativelanguage.googleapis.com/generate_content_free_tier_requests, limit: 10, model: gemini-2.5-flash-lite
Please retry in 21.469940064s.",,"Judge validation failure: 429 POST https://generativelanguage.googleapis.com/v1beta/models/gemini-2.5-flash-lite:generateContent?%24alt=json%3Benum-encoding%3Dint: You exceeded your current quota, please check your plan and billing details. For more information on this error, head to: https://ai.google.dev/gemini-api/docs/rate-limits. To monitor your current usage, head to: https://ai.dev/rate-limit. 
* Quota exceeded for metric: generativelanguage.googleapis.com/generate_content_free_tier_requests, limit: 10, model: gemini-2.5-flash-lite
Please retry in 48.154157899s.","Pipeline Error during customer generation phase: 429 POST https://generativelanguage.googleapis.com/v1beta/models/gemini-3-flash-preview:generateContent?%24alt=json%3Benum-encoding%3Dint: You exceeded your current quota, please check your plan and billing details. For more information on this error, head to: https://ai.google.dev/gemini-api/docs/rate-limits. To monitor your current usage, head to: https://ai.dev/rate-limit. 
* Quota exceeded for metric: generativelanguage.googleapis.com/generate_content_free_tier_requests, limit: 5, model: gemini-3-flash
Please retry in 33.559750131s.",,"Response Judge execution exception: 429 POST https://generativelanguage.googleapis.com/v1beta/models/gemini-3-flash-preview:generateContent?%24alt=json%3Benum-encoding%3Dint: You exceeded your current quota, please check your plan and billing details. For more information on this error, head to: https://ai.google.dev/gemini-api/docs/rate-limits. To monitor your current usage, head to: https://ai.dev/rate-limit. 
* Quota exceeded for metric: generativelanguage.googleapis.com/generate_content_free_tier_requests, limit: 5, model: gemini-3-flash
Please retry in 34.813465716s."
16,"To Whom It May Concern, I am writing this formal communication to bring to your attention a matter of considerable concern regarding a transaction completed on your platform on the 14th of this month. I have been a registered ShopNest customer for several years and have completed numerous transactions without incident. I consider myself a diligent and detail-oriented consumer and have retained all relevant documentation including the original order confirmation, payment receipt, delivery confirmation, and photographic evidence which I am prepared to submit upon request. I have deliberately refrained from posting publicly about this matter as I prefer to resolve disputes through proper channels, though I reserve the right to escalate if necessary. The core issue is this: Order reference SNX-5502 for one LG 22 cubic foot French door refrigerator was delivered on the confirmed date, however upon inspection the unit delivered is a 19 cubic foot model and not the 22 cubic foot model I ordered and paid for. The price difference is approximately $340. I am requesting either an immediate replacement with the correct model or a refund of the price differential.","Pipeline Error during execution: 429 POST https://generativelanguage.googleapis.com/v1beta/models/gemini-2.5-flash-lite:generateContent?%24alt=json%3Benum-encoding%3Dint: You exceeded your current quota, please check your plan and billing details. For more information on this error, head to: https://ai.google.dev/gemini-api/docs/rate-limits. To monitor your current usage, head to: https://ai.dev/rate-limit. 
* Quota exceeded for metric: generativelanguage.googleapis.com/generate_content_free_tier_requests, limit: 10, model: gemini-2.5-flash-lite
Please retry in 21.209870648s.",,"Judge validation failure: 429 POST https://generativelanguage.googleapis.com/v1beta/models/gemini-2.5-flash-lite:generateContent?%24alt=json%3Benum-encoding%3Dint: You exceeded your current quota, please check your plan and billing details. For more information on this error, head to: https://ai.google.dev/gemini-api/docs/rate-limits. To monitor your current usage, head to: https://ai.dev/rate-limit. 
* Quota exceeded for metric: generativelanguage.googleapis.com/generate_content_free_tier_requests, limit: 20, model: gemini-2.5-flash-lite
Please retry in 47.88924887s.","Pipeline Error during customer generation phase: 429 POST https://generativelanguage.googleapis.com/v1beta/models/gemini-3-flash-preview:generateContent?%24alt=json%3Benum-encoding%3Dint: You exceeded your current quota, please check your plan and billing details. For more information on this error, head to: https://ai.google.dev/gemini-api/docs/rate-limits. To monitor your current usage, head to: https://ai.dev/rate-limit. 
* Quota exceeded for metric: generativelanguage.googleapis.com/generate_content_free_tier_requests, limit: 5, model: gemini-3-flash
Please retry in 33.308001272s.",,"Response Judge execution exception: 429 POST https://generativelanguage.googleapis.com/v1beta/models/gemini-3-flash-preview:generateContent?%24alt=json%3Benum-encoding%3Dint: You exceeded your current quota, please check your plan and billing details. For more information on this error, head to: https://ai.google.dev/gemini-api/docs/rate-limits. To monitor your current usage, head to: https://ai.dev/rate-limit. 
* Quota exceeded for metric: generativelanguage.googleapis.com/generate_content_free_tier_requests, limit: 5, model: gemini-3-flash
Please retry in 34.563885351s."
17,I already submitted a complaint about this last week. I have a ticket number somewhere but I cannot find it right now. Nobody followed up with me. I am submitting again. Same issue as before. Please look up my account and check the previous case. My order involves the headphones I ordered last month.,"Pipeline Error during execution: 429 POST https://generativelanguage.googleapis.com/v1beta/models/gemini-2.5-flash-lite:generateContent?%24alt=json%3Benum-encoding%3Dint: You exceeded your current quota, please check your plan and billing details. For more information on this error, head to: https://ai.google.dev/gemini-api/docs/rate-limits. To monitor your current usage, head to: https://ai.dev/rate-limit. 
* Quota exceeded for metric: generativelanguage.googleapis.com/generate_content_free_tier_requests, limit: 10, model: gemini-2.5-flash-lite
Please retry in 20.96026468s.",,"Judge validation failure: 429 POST https://generativelanguage.googleapis.com/v1beta/models/gemini-2.5-flash-lite:generateContent?%24alt=json%3Benum-encoding%3Dint: You exceeded your current quota, please check your plan and billing details. For more information on this error, head to: https://ai.google.dev/gemini-api/docs/rate-limits. To monitor your current usage, head to: https://ai.dev/rate-limit. 
* Quota exceeded for metric: generativelanguage.googleapis.com/generate_content_free_tier_requests, limit: 20, model: gemini-2.5-flash-lite
Please retry in 47.639099386s.","Pipeline Error during customer generation phase: 429 POST https://generativelanguage.googleapis.com/v1beta/models/gemini-3-flash-preview:generateContent?%24alt=json%3Benum-encoding%3Dint: You exceeded your current quota, please check your plan and billing details. For more information on this error, head to: https://ai.google.dev/gemini-api/docs/rate-limits. To monitor your current usage, head to: https://ai.dev/rate-limit. 
* Quota exceeded for metric: generativelanguage.googleapis.com/generate_content_free_tier_requests, limit: 5, model: gemini-3-flash
Please retry in 33.055758883s.",,"Response Judge execution exception: 429 POST https://generativelanguage.googleapis.com/v1beta/models/gemini-3-flash-preview:generateContent?%24alt=json%3Benum-encoding%3Dint: You exceeded your current quota, please check your plan and billing details. For more information on this error, head to: https://ai.google.dev/gemini-api/docs/rate-limits. To monitor your current usage, head to: https://ai.dev/rate-limit. 
* Quota exceeded for metric: generativelanguage.googleapis.com/generate_content_free_tier_requests, limit: 5, model: gemini-3-flash
Please retry in 34.303970675s."
18,Your DoorDash driver was over an hour late and my food arrived completely cold. The driver never called or knocked. I want a full refund for the entire order. I ordered a burger combo and two drinks. Extremely disappointed with this service.,"Pipeline Error during execution: 429 POST https://generativelanguage.googleapis.com/v1beta/models/gemini-2.5-flash-lite:generateContent?%24alt=json%3Benum-encoding%3Dint: You exceeded your current quota, please check your plan and billing details. For more information on this error, head to: https://ai.google.dev/gemini-api/docs/rate-limits. To monitor your current usage, head to: https://ai.dev/rate-limit. 
* Quota exceeded for metric: generativelanguage.googleapis.com/generate_content_free_tier_requests, limit: 10, model: gemini-2.5-flash-lite
Please retry in 20.718152987s.",,"Judge validation failure: 429 POST https://generativelanguage.googleapis.com/v1beta/models/gemini-2.5-flash-lite:generateContent?%24alt=json%3Benum-encoding%3Dint: You exceeded your current quota, please check your plan and billing details. For more information on this error, head to: https://ai.google.dev/gemini-api/docs/rate-limits. To monitor your current usage, head to: https://ai.dev/rate-limit. 
* Quota exceeded for metric: generativelanguage.googleapis.com/generate_content_free_tier_requests, limit: 10, model: gemini-2.5-flash-lite
Please retry in 47.365769611s.","Pipeline Error during customer generation phase: 429 POST https://generativelanguage.googleapis.com/v1beta/models/gemini-3-flash-preview:generateContent?%24alt=json%3Benum-encoding%3Dint: You exceeded your current quota, please check your plan and billing details. For more information on this error, head to: https://ai.google.dev/gemini-api/docs/rate-limits. To monitor your current usage, head to: https://ai.dev/rate-limit. 
* Quota exceeded for metric: generativelanguage.googleapis.com/generate_content_free_tier_requests, limit: 5, model: gemini-3-flash
Please retry in 32.797841518s.",,"Response Judge execution exception: 429 POST https://generativelanguage.googleapis.com/v1beta/models/gemini-3-flash-preview:generateContent?%24alt=json%3Benum-encoding%3Dint: You exceeded your current quota, please check your plan and billing details. For more information on this error, head to: https://ai.google.dev/gemini-api/docs/rate-limits. To monitor your current usage, head to: https://ai.dev/rate-limit. 
* Quota exceeded for metric: generativelanguage.googleapis.com/generate_content_free_tier_requests, limit: 5, model: gemini-3-flash
Please retry in 34.005814582s."
19,"First I just want to say I genuinely love ShopNest and have been a customer for years. Your app is intuitive, delivery is usually really fast, and the return process has always been seamless. Your support team has been incredibly helpful in the past and I have recommended this platform to pretty much everyone in my neighborhood. That said I do want to flag one issue. Order SNX-1142 for a range hood was placed nine days ago. There has been no delivery and no update whatsoever. Tracking shows it left the warehouse eight days ago and has not moved since. That is all - just hoping someone can look into it.","Pipeline Error during execution: 429 POST https://generativelanguage.googleapis.com/v1beta/models/gemini-2.5-flash-lite:generateContent?%24alt=json%3Benum-encoding%3Dint: You exceeded your current quota, please check your plan and billing details. For more information on this error, head to: https://ai.google.dev/gemini-api/docs/rate-limits. To monitor your current usage, head to: https://ai.dev/rate-limit. 
* Quota exceeded for metric: generativelanguage.googleapis.com/generate_content_free_tier_requests, limit: 10, model: gemini-2.5-flash-lite
Please retry in 20.457908512s.",,"Judge validation failure: 429 POST https://generativelanguage.googleapis.com/v1beta/models/gemini-2.5-flash-lite:generateContent?%24alt=json%3Benum-encoding%3Dint: You exceeded your current quota, please check your plan and billing details. For more information on this error, head to: https://ai.google.dev/gemini-api/docs/rate-limits. To monitor your current usage, head to: https://ai.dev/rate-limit. 
* Quota exceeded for metric: generativelanguage.googleapis.com/generate_content_free_tier_requests, limit: 10, model: gemini-2.5-flash-lite
Please retry in 47.100420678s.","Pipeline Error during customer generation phase: 429 POST https://generativelanguage.googleapis.com/v1beta/models/gemini-3-flash-preview:generateContent?%24alt=json%3Benum-encoding%3Dint: You exceeded your current quota, please check your plan and billing details. For more information on this error, head to: https://ai.google.dev/gemini-api/docs/rate-limits. To monitor your current usage, head to: https://ai.dev/rate-limit. 
* Quota exceeded for metric: generativelanguage.googleapis.com/generate_content_free_tier_requests, limit: 5, model: gemini-3-flash
Please retry in 32.54192656s.",,"Response Judge execution exception: 429 POST https://generativelanguage.googleapis.com/v1beta/models/gemini-3-flash-preview:generateContent?%24alt=json%3Benum-encoding%3Dint: You exceeded your current quota, please check your plan and billing details. For more information on this error, head to: https://ai.google.dev/gemini-api/docs/rate-limits. To monitor your current usage, head to: https://ai.dev/rate-limit. 
* Quota exceeded for metric: generativelanguage.googleapis.com/generate_content_free_tier_requests, limit: 5, model: gemini-3-flash
Please retry in 33.759424384s."
20,my order for the blue jacket still hasnt arrived. i think i placed it last tuesday or wednesday. i dont have the order number handy but it was somewhere around $65 or $70 i think. can someone check and let me know what is going on,"Pipeline Error during execution: 429 POST https://generativelanguage.googleapis.com/v1beta/models/gemini-2.5-flash-lite:generateContent?%24alt=json%3Benum-encoding%3Dint: You exceeded your current quota, please check your plan and billing details. For more information on this error, head to: https://ai.google.dev/gemini-api/docs/rate-limits. To monitor your current usage, head to: https://ai.dev/rate-limit. 
* Quota exceeded for metric: generativelanguage.googleapis.com/generate_content_free_tier_requests, limit: 10, model: gemini-2.5-flash-lite
Please retry in 20.195028624s.",,"Judge validation failure: 429 POST https://generativelanguage.googleapis.com/v1beta/models/gemini-2.5-flash-lite:generateContent?%24alt=json%3Benum-encoding%3Dint: You exceeded your current quota, please check your plan and billing details. For more information on this error, head to: https://ai.google.dev/gemini-api/docs/rate-limits. To monitor your current usage, head to: https://ai.dev/rate-limit. 
* Quota exceeded for metric: generativelanguage.googleapis.com/generate_content_free_tier_requests, limit: 20, model: gemini-2.5-flash-lite
Please retry in 46.839275421s.","Pipeline Error during customer generation phase: 429 POST https://generativelanguage.googleapis.com/v1beta/models/gemini-3-flash-preview:generateContent?%24alt=json%3Benum-encoding%3Dint: You exceeded your current quota, please check your plan and billing details. For more information on this error, head to: https://ai.google.dev/gemini-api/docs/rate-limits. To monitor your current usage, head to: https://ai.dev/rate-limit. 
* Quota exceeded for metric: generativelanguage.googleapis.com/generate_content_free_tier_requests, limit: 5, model: gemini-3-flash
Please retry in 32.286006662s.",,"Response Judge execution exception: 429 POST https://generativelanguage.googleapis.com/v1beta/models/gemini-3-flash-preview:generateContent?%24alt=json%3Benum-encoding%3Dint: You exceeded your current quota, please check your plan and billing details. For more information on this error, head to: https://ai.google.dev/gemini-api/docs/rate-limits. To monitor your current usage, head to: https://ai.dev/rate-limit. 
* Quota exceeded for metric: generativelanguage.googleapis.com/generate_content_free_tier_requests, limit: 5, model: gemini-3-flash
Please retry in 33.487734101s."
21,"I work in software so I have a reasonable understanding of how inventory systems work and what happened here is clearly a stock management failure on your end. Your system showed the item as in stock. I placed the order. My card was charged. A confirmation was sent. Then six hours later I received an automated cancellation email citing stock unavailability. If the item was not available your system should not have listed it as in stock - this is basic inventory hygiene. Furthermore the refund has not posted after five business days. Per your own published policy the refund SLA is three to five business days. We are now past that window. Order SNX-0032 cancelled, $249.99 not refunded. Requesting immediate escalation to your billing team.","Pipeline Error during execution: 429 POST https://generativelanguage.googleapis.com/v1beta/models/gemini-2.5-flash-lite:generateContent?%24alt=json%3Benum-encoding%3Dint: You exceeded your current quota, please check your plan and billing details. For more information on this error, head to: https://ai.google.dev/gemini-api/docs/rate-limits. To monitor your current usage, head to: https://ai.dev/rate-limit. 
* Quota exceeded for metric: generativelanguage.googleapis.com/generate_content_free_tier_requests, limit: 10, model: gemini-2.5-flash-lite
Please retry in 19.891220401s.",,"Judge validation failure: 429 POST https://generativelanguage.googleapis.com/v1beta/models/gemini-2.5-flash-lite:generateContent?%24alt=json%3Benum-encoding%3Dint: You exceeded your current quota, please check your plan and billing details. For more information on this error, head to: https://ai.google.dev/gemini-api/docs/rate-limits. To monitor your current usage, head to: https://ai.dev/rate-limit. 
* Quota exceeded for metric: generativelanguage.googleapis.com/generate_content_free_tier_requests, limit: 10, model: gemini-2.5-flash-lite
Please retry in 46.578800127s.","Pipeline Error during customer generation phase: 429 POST https://generativelanguage.googleapis.com/v1beta/models/gemini-3-flash-preview:generateContent?%24alt=json%3Benum-encoding%3Dint: You exceeded your current quota, please check your plan and billing details. For more information on this error, head to: https://ai.google.dev/gemini-api/docs/rate-limits. To monitor your current usage, head to: https://ai.dev/rate-limit. 
* Quota exceeded for metric: generativelanguage.googleapis.com/generate_content_free_tier_requests, limit: 5, model: gemini-3-flash
Please retry in 32.048885451s.",,"Response Judge execution exception: 429 POST https://generativelanguage.googleapis.com/v1beta/models/gemini-3-flash-preview:generateContent?%24alt=json%3Benum-encoding%3Dint: You exceeded your current quota, please check your plan and billing details. For more information on this error, head to: https://ai.google.dev/gemini-api/docs/rate-limits. To monitor your current usage, head to: https://ai.dev/rate-limit. 
* Quota exceeded for metric: generativelanguage.googleapis.com/generate_content_free_tier_requests, limit: 5, model: gemini-3-flash
Please retry in 33.251156768s."
22,hi I ordered a blender order number SNX-6644 and it was delivered yesterday but when I opened the box the glass jar was cracked and there was also a visible dent on the base of the unit and I tried to use it anyway but it is making a really loud grinding noise and honestly I am scared to keep using it in case it breaks further or causes an injury so I want to return it and get a replacement sent but the return window says 10 days and I want to make sure I am still within that window because I really do not want to be stuck with a broken appliance that showed up damaged right out of the box,"Pipeline Error during execution: 429 POST https://generativelanguage.googleapis.com/v1beta/models/gemini-2.5-flash-lite:generateContent?%24alt=json%3Benum-encoding%3Dint: You exceeded your current quota, please check your plan and billing details. For more information on this error, head to: https://ai.google.dev/gemini-api/docs/rate-limits. To monitor your current usage, head to: https://ai.dev/rate-limit. 
* Quota exceeded for metric: generativelanguage.googleapis.com/generate_content_free_tier_requests, limit: 10, model: gemini-2.5-flash-lite
Please retry in 19.623919109s.",,"Judge validation failure: 429 POST https://generativelanguage.googleapis.com/v1beta/models/gemini-2.5-flash-lite:generateContent?%24alt=json%3Benum-encoding%3Dint: You exceeded your current quota, please check your plan and billing details. For more information on this error, head to: https://ai.google.dev/gemini-api/docs/rate-limits. To monitor your current usage, head to: https://ai.dev/rate-limit. 
* Quota exceeded for metric: generativelanguage.googleapis.com/generate_content_free_tier_requests, limit: 10, model: gemini-2.5-flash-lite
Please retry in 46.31782349s.","Pipeline Error during customer generation phase: 429 POST https://generativelanguage.googleapis.com/v1beta/models/gemini-3-flash-preview:generateContent?%24alt=json%3Benum-encoding%3Dint: You exceeded your current quota, please check your plan and billing details. For more information on this error, head to: https://ai.google.dev/gemini-api/docs/rate-limits. To monitor your current usage, head to: https://ai.dev/rate-limit. 
* Quota exceeded for metric: generativelanguage.googleapis.com/generate_content_free_tier_requests, limit: 5, model: gemini-3-flash
Please retry in 31.782956786s.",,"Response Judge execution exception: 429 POST https://generativelanguage.googleapis.com/v1beta/models/gemini-3-flash-preview:generateContent?%24alt=json%3Benum-encoding%3Dint: You exceeded your current quota, please check your plan and billing details. For more information on this error, head to: https://ai.google.dev/gemini-api/docs/rate-limits. To monitor your current usage, head to: https://ai.dev/rate-limit. 
* Quota exceeded for metric: generativelanguage.googleapis.com/generate_content_free_tier_requests, limit: 5, model: gemini-3-flash
Please retry in 32.99944947s."
23,SNX-3301. DOA unit. Need RMA issued. Escalate to L2. Already past SLA window.,"Pipeline Error during execution: 429 POST https://generativelanguage.googleapis.com/v1beta/models/gemini-2.5-flash-lite:generateContent?%24alt=json%3Benum-encoding%3Dint: You exceeded your current quota, please check your plan and billing details. For more information on this error, head to: https://ai.google.dev/gemini-api/docs/rate-limits. To monitor your current usage, head to: https://ai.dev/rate-limit. 
* Quota exceeded for metric: generativelanguage.googleapis.com/generate_content_free_tier_requests, limit: 10, model: gemini-2.5-flash-lite
Please retry in 19.374961862s.",,"Judge validation failure: 429 POST https://generativelanguage.googleapis.com/v1beta/models/gemini-2.5-flash-lite:generateContent?%24alt=json%3Benum-encoding%3Dint: You exceeded your current quota, please check your plan and billing details. For more information on this error, head to: https://ai.google.dev/gemini-api/docs/rate-limits. To monitor your current usage, head to: https://ai.dev/rate-limit. 
* Quota exceeded for metric: generativelanguage.googleapis.com/generate_content_free_tier_requests, limit: 10, model: gemini-2.5-flash-lite
Please retry in 46.059552256s.","Pipeline Error during customer generation phase: 429 POST https://generativelanguage.googleapis.com/v1beta/models/gemini-3-flash-preview:generateContent?%24alt=json%3Benum-encoding%3Dint: You exceeded your current quota, please check your plan and billing details. For more information on this error, head to: https://ai.google.dev/gemini-api/docs/rate-limits. To monitor your current usage, head to: https://ai.dev/rate-limit. 
* Quota exceeded for metric: generativelanguage.googleapis.com/generate_content_free_tier_requests, limit: 5, model: gemini-3-flash
Please retry in 31.530681048s.",,"Response Judge execution exception: 429 POST https://generativelanguage.googleapis.com/v1beta/models/gemini-3-flash-preview:generateContent?%24alt=json%3Benum-encoding%3Dint: You exceeded your current quota, please check your plan and billing details. For more information on this error, head to: https://ai.google.dev/gemini-api/docs/rate-limits. To monitor your current usage, head to: https://ai.dev/rate-limit. 
* Quota exceeded for metric: generativelanguage.googleapis.com/generate_content_free_tier_requests, limit: 5, model: gemini-3-flash
Please retry in 32.750527484s."
24,"You know what I am just going to say it. I have never in my life had to fight this hard just to get something I already paid for. Your app promised two day delivery. It has been eight days. I have screenshots. Your chatbot gave me three completely different delivery dates. Your support email told me to contact the seller. The seller told me to contact ShopNest. You told me to contact the seller. Around and around we go. This is textbook buck-passing and it is completely unacceptable behavior from a company of your size. I have already filed a complaint with the FTC and I have spoken with a consumer rights attorney who confirmed I have grounds to pursue damages for this level of negligence. Do not for a second think I am bluffing. My only ask is simple: Order SNX-8112, Cuisinart coffee maker, either deliver it or refund me $79. That is the whole ask.","Pipeline Error during execution: 429 POST https://generativelanguage.googleapis.com/v1beta/models/gemini-2.5-flash-lite:generateContent?%24alt=json%3Benum-encoding%3Dint: You exceeded your current quota, please check your plan and billing details. For more information on this error, head to: https://ai.google.dev/gemini-api/docs/rate-limits. To monitor your current usage, head to: https://ai.dev/rate-limit. 
* Quota exceeded for metric: generativelanguage.googleapis.com/generate_content_free_tier_requests, limit: 10, model: gemini-2.5-flash-lite
Please retry in 19.104420632s.",,"Judge validation failure: 429 POST https://generativelanguage.googleapis.com/v1beta/models/gemini-2.5-flash-lite:generateContent?%24alt=json%3Benum-encoding%3Dint: You exceeded your current quota, please check your plan and billing details. For more information on this error, head to: https://ai.google.dev/gemini-api/docs/rate-limits. To monitor your current usage, head to: https://ai.dev/rate-limit. 
* Quota exceeded for metric: generativelanguage.googleapis.com/generate_content_free_tier_requests, limit: 20, model: gemini-2.5-flash-lite
Please retry in 45.779451768s.","Pipeline Error during customer generation phase: 429 POST https://generativelanguage.googleapis.com/v1beta/models/gemini-3-flash-preview:generateContent?%24alt=json%3Benum-encoding%3Dint: You exceeded your current quota, please check your plan and billing details. For more information on this error, head to: https://ai.google.dev/gemini-api/docs/rate-limits. To monitor your current usage, head to: https://ai.dev/rate-limit. 
* Quota exceeded for metric: generativelanguage.googleapis.com/generate_content_free_tier_requests, limit: 5, model: gemini-3-flash
Please retry in 31.272930475s.",,"Response Judge execution exception: 429 POST https://generativelanguage.googleapis.com/v1beta/models/gemini-3-flash-preview:generateContent?%24alt=json%3Benum-encoding%3Dint: You exceeded your current quota, please check your plan and billing details. For more information on this error, head to: https://ai.google.dev/gemini-api/docs/rate-limits. To monitor your current usage, head to: https://ai.dev/rate-limit. 
* Quota exceeded for metric: generativelanguage.googleapis.com/generate_content_free_tier_requests, limit: 5, model: gemini-3-flash
Please retry in 32.525215517s."
25,"Hi, my order has not arrived and it has been almost two weeks. Order number SNX-5591. I ordered a GE chest freezer which I really need for my household. The old one stopped working and my family has been managing without one since the order was placed. Tracking has not updated in over a week. Please either arrange delivery as soon as possible or process a refund. Thank you.","Pipeline Error during execution: 429 POST https://generativelanguage.googleapis.com/v1beta/models/gemini-2.5-flash-lite:generateContent?%24alt=json%3Benum-encoding%3Dint: You exceeded your current quota, please check your plan and billing details. For more information on this error, head to: https://ai.google.dev/gemini-api/docs/rate-limits. To monitor your current usage, head to: https://ai.dev/rate-limit. 
* Quota exceeded for metric: generativelanguage.googleapis.com/generate_content_free_tier_requests, limit: 10, model: gemini-2.5-flash-lite
Please retry in 18.85509428s.",,"Judge validation failure: 429 POST https://generativelanguage.googleapis.com/v1beta/models/gemini-2.5-flash-lite:generateContent?%24alt=json%3Benum-encoding%3Dint: You exceeded your current quota, please check your plan and billing details. For more information on this error, head to: https://ai.google.dev/gemini-api/docs/rate-limits. To monitor your current usage, head to: https://ai.dev/rate-limit. 
* Quota exceeded for metric: generativelanguage.googleapis.com/generate_content_free_tier_requests, limit: 10, model: gemini-2.5-flash-lite
Please retry in 45.544310995s.","Pipeline Error during customer generation phase: 429 POST https://generativelanguage.googleapis.com/v1beta/models/gemini-3-flash-preview:generateContent?%24alt=json%3Benum-encoding%3Dint: You exceeded your current quota, please check your plan and billing details. For more information on this error, head to: https://ai.google.dev/gemini-api/docs/rate-limits. To monitor your current usage, head to: https://ai.dev/rate-limit. 
* Quota exceeded for metric: generativelanguage.googleapis.com/generate_content_free_tier_requests, limit: 5, model: gemini-3-flash
Please retry in 31.016956971s.",,"Response Judge execution exception: 429 POST https://generativelanguage.googleapis.com/v1beta/models/gemini-3-flash-preview:generateContent?%24alt=json%3Benum-encoding%3Dint: You exceeded your current quota, please check your plan and billing details. For more information on this error, head to: https://ai.google.dev/gemini-api/docs/rate-limits. To monitor your current usage, head to: https://ai.dev/rate-limit. 
* Quota exceeded for metric: generativelanguage.googleapis.com/generate_content_free_tier_requests, limit: 5, model: gemini-3-flash
Please retry in 32.272138323s."
26,"Hi, just wanted to check on the status of my order SNX-9910. I placed it three days ago and the app still shows processing. No urgency, just wanted to make sure everything is moving along. Thanks.","Pipeline Error during execution: 429 POST https://generativelanguage.googleapis.com/v1beta/models/gemini-2.5-flash-lite:generateContent?%24alt=json%3Benum-encoding%3Dint: You exceeded your current quota, please check your plan and billing details. For more information on this error, head to: https://ai.google.dev/gemini-api/docs/rate-limits. To monitor your current usage, head to: https://ai.dev/rate-limit. 
* Quota exceeded for metric: generativelanguage.googleapis.com/generate_content_free_tier_requests, limit: 10, model: gemini-2.5-flash-lite
Please retry in 18.59107456s.",,"Judge validation failure: 429 POST https://generativelanguage.googleapis.com/v1beta/models/gemini-2.5-flash-lite:generateContent?%24alt=json%3Benum-encoding%3Dint: You exceeded your current quota, please check your plan and billing details. For more information on this error, head to: https://ai.google.dev/gemini-api/docs/rate-limits. To monitor your current usage, head to: https://ai.dev/rate-limit. 
* Quota exceeded for metric: generativelanguage.googleapis.com/generate_content_free_tier_requests, limit: 10, model: gemini-2.5-flash-lite
Please retry in 45.295029673s.","Pipeline Error during customer generation phase: 429 POST https://generativelanguage.googleapis.com/v1beta/models/gemini-3-flash-preview:generateContent?%24alt=json%3Benum-encoding%3Dint: You exceeded your current quota, please check your plan and billing details. For more information on this error, head to: https://ai.google.dev/gemini-api/docs/rate-limits. To monitor your current usage, head to: https://ai.dev/rate-limit. 
* Quota exceeded for metric: generativelanguage.googleapis.com/generate_content_free_tier_requests, limit: 5, model: gemini-3-flash
Please retry in 30.75499406s.",,"Response Judge execution exception: 429 POST https://generativelanguage.googleapis.com/v1beta/models/gemini-3-flash-preview:generateContent?%24alt=json%3Benum-encoding%3Dint: You exceeded your current quota, please check your plan and billing details. For more information on this error, head to: https://ai.google.dev/gemini-api/docs/rate-limits. To monitor your current usage, head to: https://ai.dev/rate-limit. 
* Quota exceeded for metric: generativelanguage.googleapis.com/generate_content_free_tier_requests, limit: 5, model: gemini-3-flash
Please retry in 32.01581459s."
27,"Hello, quick question - what is your standard return window for electronics? I bought a pair of headphones last week and I am thinking about returning them but wanted to confirm how many days I have before checking in store. Thanks in advance.","Pipeline Error during execution: 429 POST https://generativelanguage.googleapis.com/v1beta/models/gemini-2.5-flash-lite:generateContent?%24alt=json%3Benum-encoding%3Dint: You exceeded your current quota, please check your plan and billing details. For more information on this error, head to: https://ai.google.dev/gemini-api/docs/rate-limits. To monitor your current usage, head to: https://ai.dev/rate-limit. 
* Quota exceeded for metric: generativelanguage.googleapis.com/generate_content_free_tier_requests, limit: 10, model: gemini-2.5-flash-lite
Please retry in 18.338430461s.",,"Judge validation failure: 429 POST https://generativelanguage.googleapis.com/v1beta/models/gemini-2.5-flash-lite:generateContent?%24alt=json%3Benum-encoding%3Dint: You exceeded your current quota, please check your plan and billing details. For more information on this error, head to: https://ai.google.dev/gemini-api/docs/rate-limits. To monitor your current usage, head to: https://ai.dev/rate-limit. 
* Quota exceeded for metric: generativelanguage.googleapis.com/generate_content_free_tier_requests, limit: 10, model: gemini-2.5-flash-lite
Please retry in 45.036605013s.","Pipeline Error during customer generation phase: 429 POST https://generativelanguage.googleapis.com/v1beta/models/gemini-3-flash-preview:generateContent?%24alt=json%3Benum-encoding%3Dint: You exceeded your current quota, please check your plan and billing details. For more information on this error, head to: https://ai.google.dev/gemini-api/docs/rate-limits. To monitor your current usage, head to: https://ai.dev/rate-limit. 
* Quota exceeded for metric: generativelanguage.googleapis.com/generate_content_free_tier_requests, limit: 5, model: gemini-3-flash
Please retry in 30.503176024s.",,"Response Judge execution exception: 429 POST https://generativelanguage.googleapis.com/v1beta/models/gemini-3-flash-preview:generateContent?%24alt=json%3Benum-encoding%3Dint: You exceeded your current quota, please check your plan and billing details. For more information on this error, head to: https://ai.google.dev/gemini-api/docs/rate-limits. To monitor your current usage, head to: https://ai.dev/rate-limit. 
* Quota exceeded for metric: generativelanguage.googleapis.com/generate_content_free_tier_requests, limit: 5, model: gemini-3-flash
Please retry in 31.7550978s."
28,Hi there. I received my order SNX-7823 today and everything looks great. I just noticed the invoice in the box shows a different price than what I was charged at checkout. The difference is only a couple of dollars but wanted to flag it just in case. Could someone take a look when you get a chance? No rush.,"Pipeline Error during execution: 429 POST https://generativelanguage.googleapis.com/v1beta/models/gemini-2.5-flash-lite:generateContent?%24alt=json%3Benum-encoding%3Dint: You exceeded your current quota, please check your plan and billing details. For more information on this error, head to: https://ai.google.dev/gemini-api/docs/rate-limits. To monitor your current usage, head to: https://ai.dev/rate-limit. 
* Quota exceeded for metric: generativelanguage.googleapis.com/generate_content_free_tier_requests, limit: 10, model: gemini-2.5-flash-lite
Please retry in 18.082493489s.",,"Judge validation failure: 429 POST https://generativelanguage.googleapis.com/v1beta/models/gemini-2.5-flash-lite:generateContent?%24alt=json%3Benum-encoding%3Dint: You exceeded your current quota, please check your plan and billing details. For more information on this error, head to: https://ai.google.dev/gemini-api/docs/rate-limits. To monitor your current usage, head to: https://ai.dev/rate-limit. 
* Quota exceeded for metric: generativelanguage.googleapis.com/generate_content_free_tier_requests, limit: 10, model: gemini-2.5-flash-lite
Please retry in 44.767212024s.","Pipeline Error during customer generation phase: 429 POST https://generativelanguage.googleapis.com/v1beta/models/gemini-3-flash-preview:generateContent?%24alt=json%3Benum-encoding%3Dint: You exceeded your current quota, please check your plan and billing details. For more information on this error, head to: https://ai.google.dev/gemini-api/docs/rate-limits. To monitor your current usage, head to: https://ai.dev/rate-limit. 
* Quota exceeded for metric: generativelanguage.googleapis.com/generate_content_free_tier_requests, limit: 5, model: gemini-3-flash
Please retry in 30.267451882s.",,"Response Judge execution exception: 429 POST https://generativelanguage.googleapis.com/v1beta/models/gemini-3-flash-preview:generateContent?%24alt=json%3Benum-encoding%3Dint: You exceeded your current quota, please check your plan and billing details. For more information on this error, head to: https://ai.google.dev/gemini-api/docs/rate-limits. To monitor your current usage, head to: https://ai.dev/rate-limit. 
* Quota exceeded for metric: generativelanguage.googleapis.com/generate_content_free_tier_requests, limit: 5, model: gemini-3-flash
Please retry in 31.489312747s."
29,"Hey, I placed an order yesterday evening - order number SNX-6651 - and I realized this morning I entered the wrong apartment number in my delivery address. The street and zip code are correct, just the unit number is wrong. Can this be updated before it ships? Happy to provide the correct address.","Pipeline Error during execution: 429 POST https://generativelanguage.googleapis.com/v1beta/models/gemini-2.5-flash-lite:generateContent?%24alt=json%3Benum-encoding%3Dint: You exceeded your current quota, please check your plan and billing details. For more information on this error, head to: https://ai.google.dev/gemini-api/docs/rate-limits. To monitor your current usage, head to: https://ai.dev/rate-limit. 
* Quota exceeded for metric: generativelanguage.googleapis.com/generate_content_free_tier_requests, limit: 10, model: gemini-2.5-flash-lite
Please retry in 17.813031465s.",,"Judge validation failure: 429 POST https://generativelanguage.googleapis.com/v1beta/models/gemini-2.5-flash-lite:generateContent?%24alt=json%3Benum-encoding%3Dint: You exceeded your current quota, please check your plan and billing details. For more information on this error, head to: https://ai.google.dev/gemini-api/docs/rate-limits. To monitor your current usage, head to: https://ai.dev/rate-limit. 
* Quota exceeded for metric: generativelanguage.googleapis.com/generate_content_free_tier_requests, limit: 10, model: gemini-2.5-flash-lite
Please retry in 44.50377637s.","Pipeline Error during customer generation phase: 429 POST https://generativelanguage.googleapis.com/v1beta/models/gemini-3-flash-preview:generateContent?%24alt=json%3Benum-encoding%3Dint: You exceeded your current quota, please check your plan and billing details. For more information on this error, head to: https://ai.google.dev/gemini-api/docs/rate-limits. To monitor your current usage, head to: https://ai.dev/rate-limit. 
* Quota exceeded for metric: generativelanguage.googleapis.com/generate_content_free_tier_requests, limit: 5, model: gemini-3-flash
Please retry in 30.034593325s.",,"Response Judge execution exception: 429 POST https://generativelanguage.googleapis.com/v1beta/models/gemini-3-flash-preview:generateContent?%24alt=json%3Benum-encoding%3Dint: You exceeded your current quota, please check your plan and billing details. For more information on this error, head to: https://ai.google.dev/gemini-api/docs/rate-limits. To monitor your current usage, head to: https://ai.dev/rate-limit. 
* Quota exceeded for metric: generativelanguage.googleapis.com/generate_content_free_tier_requests, limit: 5, model: gemini-3-flash
Please retry in 31.241958826s."
30,"Hi, I was just checking whether my recent return has been received on your end. I shipped it back about four days ago using the prepaid label you sent. The tracking shows it was delivered to your warehouse two days ago. Just wanted to confirm the refund is being processed. Order was SNX-4430. Thanks.","Pipeline Error during execution: 429 POST https://generativelanguage.googleapis.com/v1beta/models/gemini-2.5-flash-lite:generateContent?%24alt=json%3Benum-encoding%3Dint: You exceeded your current quota, please check your plan and billing details. For more information on this error, head to: https://ai.google.dev/gemini-api/docs/rate-limits. To monitor your current usage, head to: https://ai.dev/rate-limit. 
* Quota exceeded for metric: generativelanguage.googleapis.com/generate_content_free_tier_requests, limit: 10, model: gemini-2.5-flash-lite
Please retry in 17.56099295s.",,"Judge validation failure: 429 POST https://generativelanguage.googleapis.com/v1beta/models/gemini-2.5-flash-lite:generateContent?%24alt=json%3Benum-encoding%3Dint: You exceeded your current quota, please check your plan and billing details. For more information on this error, head to: https://ai.google.dev/gemini-api/docs/rate-limits. To monitor your current usage, head to: https://ai.dev/rate-limit. 
* Quota exceeded for metric: generativelanguage.googleapis.com/generate_content_free_tier_requests, limit: 10, model: gemini-2.5-flash-lite
Please retry in 44.236749669s.","Pipeline Error during customer generation phase: 429 POST https://generativelanguage.googleapis.com/v1beta/models/gemini-3-flash-preview:generateContent?%24alt=json%3Benum-encoding%3Dint: You exceeded your current quota, please check your plan and billing details. For more information on this error, head to: https://ai.google.dev/gemini-api/docs/rate-limits. To monitor your current usage, head to: https://ai.dev/rate-limit. 
* Quota exceeded for metric: generativelanguage.googleapis.com/generate_content_free_tier_requests, limit: 5, model: gemini-3-flash
Please retry in 29.804468268s.",,"Response Judge execution exception: 429 POST https://generativelanguage.googleapis.com/v1beta/models/gemini-3-flash-preview:generateContent?%24alt=json%3Benum-encoding%3Dint: You exceeded your current quota, please check your plan and billing details. For more information on this error, head to: https://ai.google.dev/gemini-api/docs/rate-limits. To monitor your current usage, head to: https://ai.dev/rate-limit. 
* Quota exceeded for metric: generativelanguage.googleapis.com/generate_content_free_tier_requests, limit: 5, model: gemini-3-flash
Please retry in 30.997807567s."
